User ID,Contests Participated,Problems Solved,Average Problem Rating,Rating Progression,Best Rank,Average Rank,Current Job Status,Engagement (Contests per Month),Average Submissions per Day,Acceptance Ratio,solved_800_1100,solved_1200_1400,solved_1500_1800,solved_1900_2100,solved_2100_plus,greedy,math,implementation,constructive algorithms,brute force,dp,data structures,sortings,binary search,strings,number theory,dfs and similar,graphs,two pointers,trees,bitmasks,combinatorics,shortest paths,dsu,games,hashing,divide and conquer,interactive,geometry,*special,probabilities,flows,ternary search,string suffix structures,expression parsing,Other
Mercersfire,157,696,2237.931034,"[406, 699, 850, 903, 956, 963, 890, 952, 885, 788, 827, 734, 789, 785, 741, 741, 795, 847, 861, 1010, 972, 1031, 983, 968, 931, 924, 969, 917, 912, 918, 834, 885, 800, 906, 917, 975, 938, 1059, 952, 906, 956, 932, 981, 954, 997, 975, 1047, 1086, 1043, 1053, 1010, 1064, 1095, 1138, 1144, 1178, 1148, 1112, 1135, 1148, 1207, 1271, 1277, 1216, 1208, 1117, 1107, 1129, 1130, 1192, 1327, 1280, 1352, 1393, 1358, 1380, 1299, 1266, 1253, 1242, 1241, 1214, 1205, 1078, 1105, 1056, 1148, 1134, 1212, 1206, 1193, 1147, 1187, 1133, 1149, 1167, 1190, 1174, 1272, 1201, 1203, 1121, 1119, 1156, 1132, 1107, 1081, 1004, 1075, 1088, 1160, 1095, 1074, 1056, 1075, 1102, 1050, 1078, 1090, 1005, 1057, 1067, 1115, 1081, 1033, 1118, 1130, 1161, 1200, 1233, 1246, 1285, 1274, 1234, 1253, 1243, 1312, 1241, 1111, 1242, 1224, 1268, 1321, 1368, 1288, 1247, 1295, 1383, 1386, 1333, 1271, 1318, 1296, 1250, 1326, 1284, 1233]",995,7006.573248,0,3.415518492,1.059222527,0.523715415,464,151,75,2,0,311,238,269,154,122,58,61,117,54,89,46,29,24,43,12,23,15,12,10,15,3,3,4,18,2,3,2,2,1,0,5
umitsaha,194,2481,3881.297864,"[400, 684, 885, 1015, 1008, 1165, 1181, 1241, 1231, 1256, 1223, 1261, 1306, 1256, 1190, 1227, 1256, 1243, 1258, 1250, 1209, 1186, 1237, 1264, 1231, 1262, 1273, 1263, 1264, 1311, 1365, 1394, 1337, 1321, 1341, 1350, 1336, 1388, 1456, 1415, 1437, 1365, 1391, 1412, 1402, 1439, 1401, 1355, 1420, 1456, 1305, 1275, 1343, 1393, 1371, 1350, 1299, 1329, 1311, 1344, 1409, 1443, 1508, 1499, 1483, 1462, 1422, 1412, 1426, 1458, 1569, 1585, 1516, 1486, 1455, 1465, 1499, 1503, 1482, 1456, 1511, 1490, 1512, 1521, 1461, 1479, 1456, 1508, 1506, 1534, 1558, 1551, 1499, 1501, 1535, 1613, 1589, 1510, 1512, 1377, 1392, 1341, 1372, 1344, 1334, 1481, 1548, 1588, 1624, 1602, 1513, 1614, 1632, 1594, 1596, 1549, 1642, 1607, 1613, 1609, 1647, 1530, 1574, 1568, 1620, 1666, 1656, 1653, 1632, 1563, 1511, 1602, 1640, 1574, 1609, 1637, 1636, 1589, 1618, 1574, 1609, 1523, 1560, 1602, 1495, 1496, 1581, 1622, 1647, 1568, 1594, 1580, 1527, 1647, 1747, 1683, 1608, 1572, 1625, 1608, 1622, 1564, 1549, 1628, 1581, 1669, 1685, 1690, 1608, 1563, 1540, 1609, 1640, 1689, 1715, 1723, 1739, 1821, 1735, 1581, 1562, 1577, 1659, 1648, 1799, 1759, 1847, 1766, 1716, 1682, 1744, 1778, 1769, 1772]",130,3178.793814,2,3.628334675,4.064364996,0.425250684,704,533,756,352,79,1034,865,749,507,499,466,381,374,313,243,240,227,205,179,152,142,103,74,73,53,48,42,36,31,25,20,15,13,12,11,29
mir003,235,1809,2957.158651,"[1402, 1406, 1410, 1353, 1337, 1330, 1245, 1260, 1330, 1410, 1469, 1470, 1402, 1383, 1430, 1463, 1405, 1404, 1501, 1484, 1472, 1459, 1355, 1337, 1406, 1392, 1407, 1290, 1383, 1462, 1545, 1469, 1439, 1416, 1444, 1428, 1386, 1435, 1442, 1383, 1434, 1414, 1462, 1475, 1405, 1442, 1392, 1399, 1468, 1526, 1500, 1475, 1516, 1523, 1530, 1496, 1494, 1473, 1522, 1531, 1555, 1572, 1520, 1509, 1434, 1403, 1472, 1525, 1652, 1641, 1526, 1576, 1585, 1609, 1545, 1540, 1492, 1574, 1572, 1592, 1599, 1587, 1567, 1568, 1549, 1567, 1530, 1512, 1449, 1419, 1393, 1458, 1513, 1490, 1475, 1491, 1594, 1602, 1587, 1557, 1575, 1567, 1604, 1570, 1577, 1503, 1634, 1665, 1645, 1637, 1616, 1700, 1642, 1589, 1616, 1612, 1607, 1586, 1649, 1630, 1646, 1583, 1564, 1557, 1582, 1520, 1580, 1539, 1516, 1548, 1533, 1609, 1594, 1622, 1589, 1691, 1586, 1606, 1631, 1546, 1522, 1514, 1609, 1647, 1595, 1583, 1563, 1527, 1597, 1567, 1675, 1752, 1670, 1790, 1825, 1858, 1752, 1717, 1848, 1760, 1729, 1867, 1878, 1892, 1829, 1767, 1774, 1795, 1765, 1701, 1669, 1674, 1600, 1634, 1653, 1678, 1779, 1733, 1792, 1676, 1739, 1752, 1651, 1646, 1714, 1609, 1700, 1707, 1736, 1690, 1647, 1677, 1751, 1740, 1729, 1612, 1717, 1698, 1668, 1704, 1720, 1760, 1763, 1739, 1681, 1742, 1677, 1689, 1812, 1794, 1771, 1671, 1629, 1699, 1656, 1585, 1584, 1590, 1619, 1716, 1649, 1683, 1645, 1707, 1654, 1639, 1637, 1589, 1708, 1645, 1670, 1587, 1528, 1630, 1672]",259,1821.455319,3,3.417370624,1.848022438,0.455196248,568,443,562,161,49,680,702,632,349,357,303,234,230,177,157,190,109,111,118,74,77,93,24,43,26,28,27,18,35,5,5,8,11,10,3,24
_c_k_r_,361,2232,3595.654122,"[1397, 1291, 1250, 1192, 1090, 1176, 1152, 1142, 1094, 1184, 1080, 1229, 1272, 1278, 1242, 1298, 1300, 1252, 1226, 1322, 1291, 1328, 1278, 1317, 1223, 1300, 1313, 1281, 1255, 1302, 1326, 1293, 1300, 1234, 1215, 1248, 1361, 1335, 1342, 1384, 1362, 1264, 1321, 1290, 1351, 1372, 1408, 1429, 1392, 1361, 1373, 1434, 1441, 1437, 1420, 1468, 1516, 1516, 1488, 1392, 1517, 1412, 1379, 1319, 1406, 1317, 1362, 1321, 1319, 1297, 1249, 1222, 1414, 1458, 1380, 1505, 1495, 1576, 1592, 1526, 1666, 1689, 1634, 1544, 1543, 1555, 1472, 1534, 1549, 1629, 1572, 1626, 1602, 1601, 1586, 1558, 1554, 1523, 1457, 1621, 1694, 1709, 1705, 1660, 1574, 1666, 1585, 1614, 1617, 1576, 1688, 1617, 1652, 1648, 1608, 1626, 1565, 1647, 1606, 1631, 1659, 1641, 1582, 1684, 1681, 1762, 1661, 1753, 1662, 1691, 1608, 1640, 1675, 1660, 1611, 1631, 1635, 1646, 1567, 1658, 1686, 1588, 1548, 1632, 1600, 1592, 1607, 1677, 1755, 1704, 1783, 1762, 1713, 1775, 1651, 1703, 1719, 1702, 1705, 1640, 1655, 1663, 1642, 1708, 1681, 1721, 1704, 1716, 1714, 1666, 1640, 1601, 1505, 1542, 1691, 1660, 1676, 1625, 1746, 1788, 1753, 1792, 1842, 1801, 1694, 1783, 1839, 1816, 1885, 1917, 1790, 1813, 1790, 1914, 1884, 1804, 1714, 1785, 1752, 1879, 1866, 1781, 1725, 1768, 1857, 1972, 1850, 1948, 1862, 1711, 1791, 1795, 1807, 1806, 1820, 1823, 1844, 1853, 1873, 1862, 1906, 1909, 1899, 1724, 1787, 1777, 1774, 1866, 1823, 1893, 1840, 1841, 1847, 1710, 1733, 1729, 1753, 1653, 1701, 1792, 1742, 1774, 1813, 1874, 1704, 1809, 1818, 1791, 1814, 1909, 1979, 1859, 1748, 1860, 2009, 1923, 1942, 1975, 1945, 1998, 1911, 1873, 1771, 1800, 1755, 1830, 1823, 1788, 1790, 1823, 1916, 1937, 1830, 1841, 1906, 1893, 1895, 1756, 1637, 1541, 1548, 1732, 1752, 1597, 1633, 1634, 1685, 1678, 1602, 1589, 1549, 1655, 1647, 1641, 1538, 1515, 1453, 1474, 1553, 1742, 1668, 1537, 1617, 1556, 1588, 1465, 1471, 1504, 1491, 1516, 1645, 1644, 1715, 1713, 1709, 1649, 1634, 1683, 1664, 1695, 1764, 1747, 1757, 1765, 1629, 1555, 1703, 1760, 1772, 1674, 1729, 1641, 1704, 1688, 1603, 1654, 1577, 1462, 1522, 1628, 1708, 1598, 1583, 1647, 1724, 1687, 1608, 1656, 1680, 1757, 1855, 1864, 1874, 1791, 1816, 1771, 1784, 1621, 1651, 1606, 1537]",29,1894.6759,3,4.579287907,2.147905704,0.409790694,737,401,533,305,165,860,757,714,445,403,352,330,285,232,219,190,146,145,142,106,108,91,44,55,46,43,42,32,39,7,27,14,14,21,2,27
emotionles,237,990,3641.111111,"[1413, 1375, 1328, 1286, 1249, 1387, 1387, 1364, 1442, 1401, 1315, 1379, 1290, 1245, 1243, 1259, 1308, 1262, 1217, 1179, 1141, 1214, 1291, 1293, 1390, 1306, 1294, 1268, 1313, 1367, 1290, 1275, 1197, 1211, 1264, 1204, 1309, 1432, 1341, 1261, 1204, 1216, 1362, 1292, 1444, 1419, 1360, 1418, 1394, 1511, 1487, 1396, 1389, 1365, 1472, 1626, 1535, 1548, 1488, 1652, 1557, 1635, 1551, 1497, 1522, 1434, 1563, 1512, 1421, 1589, 1533, 1475, 1428, 1502, 1416, 1492, 1424, 1657, 1559, 1669, 1571, 1474, 1605, 1502, 1541, 1475, 1694, 1593, 1706, 1628, 1575, 1489, 1522, 1731, 1682, 1730, 1665, 1608, 1638, 1643, 1541, 1716, 1651, 1852, 1793, 1708, 1657, 1685, 1655, 1653, 1766, 1695, 1622, 1521, 1573, 1708, 1823, 1763, 1675, 1603, 1550, 1536, 1659, 1638, 1564, 1480, 1609, 1538, 1685, 1625, 1560, 1511, 1559, 1609, 1597, 1511, 1733, 1729, 1659, 1607, 1704, 1636, 1719, 1794, 1694, 1598, 1629, 1605, 1597, 1683, 1666, 1683, 1715, 1704, 1699, 1748, 1830, 1886, 1811, 1765, 1729, 1655, 1697, 1666, 1661, 1630, 1678, 1667, 1635, 1591, 1649, 1688, 1662, 1582, 1576, 1719, 1699, 1727, 1723, 1819, 1848, 1828, 1767, 1698, 1794, 1848, 1754, 1760, 1733, 1704, 1803, 1763, 1785, 1807, 1776, 1815, 1816, 1726, 1784, 1760, 1731, 1693, 1770, 1682, 1555, 1529, 1519, 1525, 1520, 1539, 1529, 1597, 1622, 1648, 1731, 1808, 1807, 1725, 1759, 1763, 1693, 1733, 1742, 1720, 1778, 1777, 1768, 1765, 1721, 1786, 1827, 1854, 1876, 1874, 1855, 1836, 1712]",31,863.6371308,3,2.230994092,0.833229992,0.355303811,275,221,284,114,49,262,226,443,136,168,150,107,112,92,73,66,67,76,34,45,24,30,18,23,18,11,11,2,19,5,6,3,2,3,2,12
Ertugrul28,243,2930,3706.006826,"[1372, 1274, 1215, 1192, 1194, 1097, 1069, 1040, 1090, 1049, 979, 1140, 1146, 1071, 1008, 1046, 1061, 1087, 1170, 1075, 1190, 1243, 1285, 1293, 1338, 1426, 1461, 1484, 1490, 1443, 1493, 1501, 1499, 1510, 1422, 1297, 1377, 1329, 1235, 1363, 1402, 1434, 1427, 1498, 1502, 1421, 1380, 1387, 1418, 1355, 1400, 1400, 1501, 1464, 1476, 1502, 1508, 1530, 1477, 1511, 1489, 1518, 1525, 1492, 1458, 1417, 1407, 1364, 1453, 1397, 1471, 1444, 1423, 1610, 1555, 1475, 1405, 1413, 1372, 1357, 1324, 1426, 1407, 1465, 1438, 1455, 1410, 1396, 1354, 1409, 1427, 1272, 1380, 1433, 1499, 1545, 1535, 1517, 1536, 1579, 1682, 1697, 1583, 1553, 1675, 1595, 1618, 1603, 1619, 1674, 1708, 1625, 1544, 1540, 1719, 1693, 1676, 1686, 1724, 1661, 1652, 1615, 1657, 1597, 1541, 1451, 1521, 1435, 1442, 1421, 1441, 1541, 1508, 1524, 1497, 1566, 1591, 1709, 1662, 1695, 1651, 1675, 1621, 1598, 1646, 1711, 1577, 1618, 1573, 1562, 1505, 1601, 1527, 1704, 1714, 1738, 1646, 1635, 1563, 1522, 1408, 1518, 1568, 1550, 1684, 1602, 1626, 1712, 1671, 1607, 1666, 1784, 1678, 1698, 1664, 1650, 1744, 1602, 1501, 1538, 1668, 1745, 1716, 1751, 1713, 1772, 1749, 1847, 1846, 1785, 1790, 1749, 1735, 1658, 1654, 1660, 1659, 1695, 1849, 1817, 1923, 1930, 1909, 1797, 1791, 1750, 1590, 1599, 1684, 1702, 1674, 1792, 1822, 1715, 1858, 1879, 1860, 1878, 1859, 1790, 1889, 1785, 1743, 1866, 1794, 1828, 1768, 1803, 1846, 1833, 1841, 1890, 1702, 1705, 1546, 1461, 1550, 1800, 1850, 1848, 1761, 1805, 1853]",51,2978.868313,2,3.873567375,3.693965252,0.456344086,705,542,774,509,329,1121,1073,851,595,590,674,539,399,384,269,311,276,262,219,207,193,200,77,113,56,61,84,39,48,12,33,25,20,32,2,74
S_Neal,211,2608,3330.329755,"[1390, 1325, 1296, 1242, 1136, 1035, 934, 1003, 1107, 1004, 915, 859, 976, 1054, 1142, 1214, 1107, 1158, 1280, 1291, 1242, 1309, 1374, 1418, 1351, 1326, 1331, 1317, 1421, 1341, 1296, 1460, 1426, 1300, 1264, 1272, 1275, 1325, 1346, 1328, 1211, 1252, 1373, 1400, 1334, 1210, 1236, 1402, 1530, 1372, 1349, 1302, 1385, 1440, 1449, 1305, 1320, 1390, 1358, 1426, 1452, 1505, 1504, 1443, 1400, 1481, 1500, 1499, 1430, 1453, 1376, 1482, 1506, 1496, 1531, 1570, 1537, 1512, 1498, 1463, 1526, 1440, 1363, 1330, 1396, 1377, 1370, 1418, 1446, 1433, 1370, 1415, 1418, 1429, 1419, 1275, 1173, 1380, 1293, 1471, 1382, 1346, 1381, 1430, 1457, 1306, 1273, 1183, 1401, 1474, 1420, 1507, 1480, 1442, 1491, 1512, 1466, 1533, 1591, 1577, 1528, 1581, 1530, 1561, 1578, 1532, 1470, 1428, 1502, 1501, 1491, 1499, 1455, 1500, 1473, 1546, 1575, 1487, 1581, 1552, 1595, 1530, 1540, 1522, 1610, 1496, 1509, 1570, 1621, 1537, 1617, 1624, 1674, 1622, 1631, 1622, 1594, 1599, 1569, 1459, 1599, 1652, 1634, 1595, 1445, 1491, 1528, 1653, 1612, 1781, 1792, 1766, 1759, 1753, 1578, 1501, 1589, 1618, 1577, 1490, 1561, 1405, 1485, 1484, 1468, 1634, 1556, 1573, 1588, 1527, 1523, 1607, 1605, 1654, 1636, 1667, 1642, 1566, 1644, 1745, 1807, 1817, 1750, 1719, 1726, 1869, 1785, 1828, 1855, 1851, 1821]",103,3564.388626,2,3.372421486,3.638948516,0.396473845,1036,424,649,288,54,986,911,852,532,497,386,333,351,276,223,230,145,143,175,110,107,98,41,60,53,38,27,34,38,9,22,11,14,9,1,31
nazmulnns2066,283,2424,4053.836634,"[375, 626, 779, 831, 993, 933, 991, 1017, 974, 943, 1011, 1093, 1032, 1076, 1088, 1094, 1123, 1066, 1061, 1024, 940, 1043, 943, 1078, 971, 1053, 1034, 1042, 1104, 1080, 1069, 952, 849, 924, 1023, 1066, 1173, 1209, 1208, 1189, 1177, 1161, 1176, 1263, 1322, 1349, 1358, 1373, 1349, 1313, 1243, 1222, 1144, 1144, 1127, 1170, 1141, 1200, 1144, 1148, 1107, 1121, 1138, 1145, 1120, 1142, 1112, 1102, 1119, 1136, 1080, 1100, 1199, 1186, 1136, 1181, 1131, 1126, 1184, 1203, 1272, 1320, 1340, 1342, 1333, 1347, 1288, 1325, 1476, 1408, 1405, 1404, 1367, 1331, 1404, 1438, 1413, 1508, 1414, 1364, 1334, 1262, 1293, 1330, 1310, 1356, 1280, 1331, 1294, 1225, 1236, 1230, 1238, 1255, 1295, 1396, 1458, 1465, 1429, 1431, 1417, 1383, 1369, 1472, 1428, 1409, 1438, 1463, 1419, 1401, 1454, 1473, 1326, 1356, 1346, 1299, 1408, 1461, 1409, 1327, 1349, 1324, 1369, 1336, 1318, 1444, 1486, 1497, 1447, 1418, 1405, 1519, 1506, 1544, 1594, 1585, 1650, 1637, 1659, 1687, 1618, 1564, 1520, 1595, 1559, 1551, 1560, 1594, 1587, 1556, 1493, 1556, 1545, 1613, 1640, 1550, 1547, 1584, 1558, 1513, 1452, 1419, 1514, 1530, 1461, 1531, 1493, 1504, 1643, 1607, 1663, 1688, 1684, 1584, 1583, 1600, 1557, 1609, 1604, 1578, 1684, 1668, 1530, 1585, 1505, 1475, 1588, 1526, 1600, 1651, 1558, 1602, 1599, 1560, 1662, 1681, 1701, 1702, 1718, 1682, 1650, 1682, 1686, 1636, 1654, 1654, 1657, 1729, 1683, 1633, 1809, 1811, 1735, 1656, 1748, 1748, 1634, 1544, 1627, 1608, 1654, 1706, 1760, 1635, 1514, 1530, 1559, 1592, 1592, 1687, 1717, 1737, 1654, 1736, 1794, 1679, 1668, 1694, 1766, 1693, 1760, 1821, 1888, 1828, 1817, 1763, 1740, 1663, 1718, 1743, 1801, 1710, 1714, 1717, 1785, 1727, 1669, 1618, 1590, 1636, 1722, 1719, 1785]",157,3816.477032,2,5.333682351,4.531455153,0.337885343,1049,346,628,312,60,1038,932,762,567,509,438,331,358,277,220,249,162,175,175,111,142,106,61,63,63,32,40,27,45,6,14,15,11,8,2,35
cryomancer148,204,1846,2824.377031,"[1388, 1314, 1215, 1139, 1026, 1095, 1128, 1103, 1122, 1115, 1088, 1111, 1115, 1184, 1212, 1216, 1172, 1103, 1185, 1269, 1150, 1054, 1097, 1083, 1137, 1190, 1228, 1229, 1257, 1205, 1153, 1187, 1276, 1168, 1290, 1265, 1213, 1259, 1344, 1360, 1366, 1373, 1377, 1426, 1360, 1351, 1280, 1316, 1357, 1369, 1257, 1398, 1327, 1306, 1318, 1302, 1398, 1302, 1377, 1398, 1412, 1414, 1402, 1397, 1383, 1239, 1255, 1362, 1311, 1380, 1465, 1551, 1507, 1454, 1533, 1501, 1446, 1443, 1457, 1508, 1541, 1469, 1366, 1402, 1434, 1508, 1536, 1470, 1381, 1483, 1506, 1517, 1482, 1477, 1380, 1409, 1429, 1419, 1530, 1488, 1442, 1434, 1429, 1457, 1475, 1458, 1420, 1408, 1329, 1295, 1351, 1437, 1453, 1441, 1427, 1448, 1480, 1460, 1517, 1434, 1530, 1607, 1550, 1590, 1584, 1551, 1572, 1514, 1674, 1676, 1654, 1567, 1447, 1424, 1486, 1407, 1468, 1442, 1504, 1445, 1503, 1478, 1586, 1570, 1518, 1558, 1521, 1579, 1557, 1486, 1487, 1450, 1485, 1461, 1471, 1482, 1491, 1567, 1578, 1558, 1686, 1656, 1619, 1547, 1592, 1505, 1401, 1457, 1453, 1438, 1405, 1465, 1535, 1527, 1475, 1575, 1610, 1650, 1599, 1646, 1731, 1663, 1553, 1461, 1455, 1628, 1631, 1586, 1543, 1569, 1485, 1515, 1624, 1637, 1516, 1470, 1548, 1509, 1492, 1537, 1552, 1579, 1646, 1677]",84,3715.132353,2,3.786640542,2.600418439,0.450011874,702,409,586,48,8,886,743,530,473,401,268,243,289,210,178,176,101,102,136,74,118,84,26,49,57,26,13,21,37,1,10,7,13,5,1,19
monna4335,299,3898,3920.728579,"[1375, 1306, 1206, 1166, 1064, 1075, 1092, 1123, 1125, 1082, 1042, 1052, 1062, 1090, 1110, 1200, 1209, 1252, 1278, 1249, 1232, 1204, 1142, 1312, 1310, 1368, 1314, 1332, 1345, 1305, 1219, 1255, 1195, 1258, 1210, 1347, 1317, 1281, 1435, 1418, 1376, 1369, 1339, 1324, 1371, 1360, 1257, 1192, 1273, 1255, 1258, 1307, 1326, 1255, 1286, 1316, 1320, 1316, 1303, 1300, 1270, 1328, 1341, 1386, 1443, 1466, 1387, 1351, 1399, 1311, 1335, 1332, 1390, 1418, 1399, 1434, 1395, 1497, 1458, 1461, 1373, 1405, 1452, 1489, 1428, 1490, 1544, 1568, 1532, 1466, 1432, 1369, 1390, 1463, 1470, 1461, 1444, 1426, 1449, 1425, 1426, 1538, 1510, 1548, 1502, 1499, 1549, 1524, 1522, 1508, 1451, 1392, 1377, 1372, 1419, 1510, 1540, 1423, 1463, 1462, 1484, 1503, 1487, 1548, 1573, 1516, 1501, 1579, 1555, 1560, 1542, 1537, 1490, 1590, 1628, 1688, 1622, 1531, 1572, 1490, 1406, 1548, 1502, 1543, 1595, 1597, 1423, 1421, 1346, 1443, 1477, 1565, 1567, 1553, 1495, 1542, 1557, 1494, 1508, 1465, 1539, 1467, 1571, 1685, 1649, 1671, 1757, 1746, 1702, 1743, 1707, 1690, 1693, 1692, 1684, 1753, 1742, 1607, 1631, 1655, 1636, 1691, 1700, 1606, 1683, 1713, 1647, 1767, 1790, 1788, 1667, 1709, 1760, 1824, 1847, 1832, 1773, 1781, 1957, 1925, 1808, 1843, 1722, 1792, 1715, 1811, 1821, 1765, 1836, 1794, 1769, 1779, 1694, 1717, 1700, 1721, 1665, 1666, 1757, 1749, 1718, 1660, 1667, 1681, 1678, 1828, 1852, 1857, 1858, 1806, 1790, 1814, 1770, 1786, 1843, 1813, 1806, 1794, 1805, 1835, 1844, 1822, 1905, 1823, 1815, 1749, 1852, 1929, 1973, 1967, 1974, 1964, 1997, 1940, 1960, 1876, 1799, 1808, 1788, 1698, 1701, 1726, 1692, 1672, 1800, 1703, 1747, 1747, 1767, 1796, 1821, 1845, 1797, 1875, 1861, 1883, 1772, 1666, 1735, 1775, 1837, 1915, 1941, 1943, 1976, 2010, 1974, 1939, 1912, 1886, 1899, 1900, 1919, 1918, 1995, 1912, 1913, 1922, 1988]",44,2981.187291,3,5.401106414,6.419996973,0.42484634,1310,663,782,727,296,1539,1354,1257,827,751,702,570,533,442,380,354,280,273,267,196,224,190,75,107,85,59,57,63,65,41,26,18,23,12,10,59
TheIridescentOne,203,2002,3138.411588,"[1382, 1319, 1203, 1146, 1112, 1105, 1001, 939, 946, 1010, 1006, 1018, 915, 1049, 1033, 985, 893, 991, 1029, 980, 989, 1030, 1028, 1131, 1193, 1277, 1267, 1248, 1211, 1175, 1145, 1142, 1156, 1192, 1180, 1184, 1255, 1271, 1161, 1215, 1312, 1291, 1371, 1374, 1349, 1301, 1268, 1215, 1254, 1298, 1348, 1341, 1281, 1227, 1210, 1322, 1330, 1223, 1259, 1203, 1156, 1118, 1107, 1205, 1230, 1193, 1263, 1365, 1328, 1312, 1361, 1383, 1316, 1348, 1304, 1272, 1365, 1354, 1304, 1366, 1344, 1357, 1447, 1404, 1363, 1408, 1454, 1390, 1410, 1407, 1346, 1331, 1235, 1224, 1185, 1188, 1169, 1195, 1156, 1263, 1303, 1355, 1337, 1310, 1395, 1427, 1487, 1417, 1340, 1374, 1409, 1431, 1403, 1418, 1364, 1412, 1343, 1393, 1542, 1492, 1504, 1471, 1398, 1335, 1338, 1481, 1537, 1481, 1452, 1481, 1529, 1557, 1436, 1439, 1481, 1479, 1507, 1405, 1448, 1546, 1470, 1470, 1372, 1513, 1544, 1524, 1528, 1517, 1539, 1537, 1564, 1527, 1516, 1489, 1432, 1427, 1497, 1549, 1496, 1502, 1460, 1440, 1423, 1412, 1462, 1429, 1406, 1446, 1421, 1450, 1407, 1486, 1477, 1535, 1481, 1525, 1542, 1576, 1447, 1452, 1363, 1402, 1545, 1550, 1629, 1581, 1535, 1488, 1489, 1460, 1440, 1358, 1395, 1402, 1531, 1428, 1482, 1500, 1455, 1557, 1665, 1626, 1629]",197,4316.600985,2,3.446539842,2.520491619,0.411453026,834,483,650,4,0,802,757,751,395,411,262,196,308,208,200,181,103,100,128,50,70,60,27,43,46,22,10,15,43,11,8,6,8,4,4,17
E_H_P,134,1031,1928.612997,"[360, 576, 748, 795, 902, 885, 906, 867, 887, 960, 1029, 1061, 982, 1023, 1015, 1016, 1106, 1095, 1091, 1126, 1121, 1153, 1086, 1030, 1128, 1211, 1189, 1153, 1189, 1116, 1180, 1229, 1258, 1187, 1266, 1264, 1293, 1317, 1283, 1308, 1265, 1239, 1279, 1244, 1241, 1174, 1274, 1333, 1263, 1298, 1279, 1291, 1258, 1260, 1212, 1262, 1289, 1293, 1301, 1282, 1300, 1326, 1349, 1288, 1288, 1284, 1210, 1291, 1260, 1302, 1310, 1343, 1378, 1412, 1402, 1434, 1422, 1378, 1322, 1314, 1442, 1403, 1444, 1475, 1415, 1489, 1368, 1399, 1485, 1551, 1452, 1484, 1514, 1461, 1469, 1540, 1515, 1535, 1469, 1574, 1558, 1511, 1501, 1471, 1449, 1511, 1533, 1594, 1541, 1528, 1573, 1528, 1501, 1553, 1541, 1532, 1492, 1484, 1491, 1525, 1540, 1497, 1453, 1431, 1463, 1537, 1694, 1630, 1631, 1646, 1657, 1664, 1618, 1603]",324,4565.320896,2,4.546439847,2.11685744,0.567282322,673,218,111,13,3,458,414,366,219,199,89,97,162,97,108,88,32,29,62,23,37,28,13,11,35,8,3,8,21,2,3,2,3,1,1,8
Shamim97,205,2185,2803.203661,"[359, 571, 704, 747, 813, 793, 823, 782, 809, 714, 619, 629, 697, 610, 652, 647, 667, 773, 738, 721, 799, 772, 818, 825, 828, 733, 737, 785, 780, 853, 827, 880, 910, 901, 801, 815, 902, 892, 867, 863, 844, 980, 936, 898, 907, 870, 878, 784, 839, 884, 854, 898, 1006, 961, 1021, 1052, 1063, 1065, 997, 966, 1018, 1065, 1006, 1019, 1084, 1019, 1044, 1048, 947, 1020, 1059, 1116, 1216, 1222, 1160, 1076, 1020, 1068, 1013, 1066, 1047, 1025, 1176, 1166, 1138, 1139, 1186, 1215, 1235, 1244, 1217, 1277, 1182, 1242, 1336, 1317, 1213, 1241, 1237, 1255, 1233, 1258, 1253, 1263, 1219, 1137, 1177, 1180, 1252, 1221, 1258, 1229, 1264, 1240, 1199, 1231, 1247, 1224, 1226, 1294, 1270, 1268, 1308, 1306, 1274, 1292, 1257, 1254, 1267, 1223, 1279, 1445, 1446, 1494, 1464, 1436, 1422, 1372, 1354, 1412, 1394, 1289, 1318, 1275, 1268, 1282, 1290, 1225, 1336, 1288, 1315, 1336, 1384, 1310, 1403, 1345, 1331, 1354, 1368, 1374, 1385, 1386, 1358, 1444, 1453, 1364, 1407, 1412, 1495, 1418, 1457, 1354, 1436, 1398, 1382, 1423, 1470, 1476, 1307, 1391, 1338, 1336, 1324, 1373, 1362, 1496, 1518, 1464, 1371, 1370, 1327, 1308, 1440, 1339, 1204, 1295, 1314, 1356, 1440, 1483, 1560, 1542, 1514, 1549, 1539]",526,6280.721951,2,5.824093438,4.646516672,0.443110236,1031,509,521,88,16,937,852,749,482,423,235,221,342,209,233,234,88,91,134,52,107,67,31,38,67,27,14,27,43,17,6,4,14,7,4,23
Jahidem,124,887,2715.332582,"[1371, 1245, 1230, 1121, 1019, 1031, 936, 843, 753, 837, 755, 830, 922, 948, 979, 1089, 988, 1127, 1049, 960, 1083, 1083, 1092, 1101, 1204, 1153, 1236, 1216, 1145, 1285, 1265, 1234, 1304, 1257, 1264, 1195, 1188, 1228, 1263, 1228, 1252, 1354, 1319, 1314, 1274, 1402, 1298, 1264, 1237, 1276, 1332, 1196, 1083, 1084, 1205, 1329, 1278, 1251, 1346, 1347, 1297, 1361, 1352, 1373, 1242, 1278, 1151, 1210, 1325, 1285, 1376, 1242, 1298, 1256, 1199, 1162, 1299, 1275, 1305, 1250, 1222, 1163, 1240, 1208, 1244, 1213, 1259, 1289, 1390, 1361, 1395, 1410, 1327, 1493, 1465, 1495, 1463, 1536, 1410, 1339, 1378, 1277, 1249, 1310, 1298, 1284, 1345, 1386, 1359, 1406, 1399, 1328, 1332, 1461, 1357, 1283, 1292, 1399, 1319, 1308, 1440, 1558, 1556, 1535]",588,5540.758065,2,2.232893157,1.408280203,0.38317757,464,215,177,13,1,369,324,341,197,193,113,84,137,77,75,65,30,31,50,13,24,29,7,15,18,4,3,7,25,8,2,4,2,1,3,6
nirjhorJU,309,3141,2641.547278,"[1379, 1300, 1198, 1183, 1109, 1086, 1089, 1156, 1178, 1192, 1269, 1248, 1247, 1230, 1300, 1264, 1252, 1268, 1261, 1311, 1308, 1303, 1275, 1368, 1356, 1379, 1418, 1421, 1365, 1384, 1365, 1433, 1427, 1479, 1391, 1366, 1362, 1408, 1421, 1457, 1415, 1416, 1480, 1505, 1465, 1516, 1456, 1436, 1387, 1368, 1382, 1347, 1345, 1437, 1481, 1497, 1433, 1404, 1556, 1546, 1558, 1482, 1531, 1424, 1505, 1458, 1410, 1416, 1433, 1462, 1515, 1552, 1514, 1487, 1521, 1455, 1387, 1501, 1487, 1493, 1481, 1499, 1457, 1445, 1437, 1450, 1472, 1478, 1418, 1428, 1443, 1360, 1390, 1369, 1371, 1459, 1460, 1479, 1505, 1487, 1442, 1431, 1379, 1239, 1271, 1372, 1453, 1481, 1585, 1571, 1559, 1529, 1526, 1504, 1520, 1531, 1502, 1592, 1577, 1580, 1626, 1538, 1621, 1523, 1533, 1519, 1479, 1460, 1521, 1465, 1365, 1398, 1388, 1407, 1483, 1569, 1499, 1560, 1583, 1627, 1513, 1567, 1563, 1533, 1498, 1499, 1517, 1496, 1530, 1440, 1441, 1386, 1411, 1451, 1469, 1474, 1412, 1381, 1393, 1444, 1381, 1404, 1315, 1396, 1454, 1514, 1535, 1460, 1513, 1505, 1426, 1454, 1617, 1616, 1561, 1558, 1571, 1546, 1536, 1487, 1474, 1569, 1628, 1652, 1634, 1613, 1596, 1640, 1660, 1604, 1586, 1618, 1621, 1589, 1526, 1647, 1617, 1660, 1658, 1690, 1651, 1668, 1614, 1497, 1485, 1556, 1421, 1572, 1602, 1605, 1500, 1531, 1627, 1573, 1493, 1505, 1564, 1589, 1535, 1550, 1565, 1545, 1588, 1652, 1695, 1735, 1618, 1563, 1590, 1477, 1595, 1597, 1508, 1545, 1553, 1603, 1498, 1496, 1560, 1589, 1628, 1525, 1562, 1597, 1561, 1521, 1582, 1497, 1478, 1553, 1600, 1597, 1479, 1531, 1586, 1561, 1545, 1597, 1557, 1565, 1493, 1587, 1541, 1513, 1626, 1723, 1610, 1557, 1529, 1507, 1632, 1644, 1704, 1703, 1642, 1601, 1616, 1653, 1634, 1638, 1590, 1601, 1627, 1564, 1583, 1469, 1600, 1499, 1519, 1565, 1558, 1561, 1564, 1664, 1627, 1539, 1635, 1611, 1632, 1629, 1580, 1588, 1515, 1555, 1534, 1504, 1592, 1532, 1529]",167,2897.711974,2,4.116264871,2.73179211,0.532202325,1331,646,785,257,34,1195,1125,1085,670,625,404,357,424,329,315,287,162,144,179,116,146,92,33,64,52,43,24,41,49,19,12,10,13,14,6,35
SAYEM_16,163,1989,2892.458522,"[344, 572, 717, 769, 757, 708, 619, 526, 568, 659, 569, 689, 726, 639, 669, 745, 869, 855, 793, 698, 691, 691, 774, 802, 802, 802, 972, 984, 908, 929, 939, 990, 989, 1032, 1007, 1055, 947, 940, 988, 1095, 1075, 1068, 1071, 1054, 1105, 1180, 1162, 1193, 1245, 1178, 1119, 1105, 1182, 1196, 1124, 1118, 1059, 1101, 1072, 1160, 1215, 1239, 1162, 1170, 1174, 1067, 1047, 1041, 1044, 1027, 1038, 1035, 965, 1085, 1114, 1116, 1071, 1043, 1150, 1234, 1271, 1304, 1276, 1241, 1287, 1228, 1212, 1175, 1246, 1248, 1316, 1367, 1353, 1344, 1320, 1370, 1363, 1346, 1365, 1345, 1277, 1269, 1199, 1232, 1277, 1335, 1334, 1337, 1329, 1297, 1267, 1245, 1248, 1304, 1309, 1310, 1268, 1300, 1282, 1353, 1415, 1419, 1377, 1413, 1318, 1394, 1375, 1389, 1347, 1360, 1336, 1370, 1359, 1320, 1307, 1352, 1348, 1378, 1383, 1386, 1425, 1444, 1404, 1355, 1304, 1305, 1347, 1390, 1459, 1444, 1411, 1306, 1327, 1387, 1447, 1409, 1369, 1365, 1475, 1527, 1509, 1497, 1488]",1451,6286.674847,2,5.357314039,5.412366874,0.475950896,957,643,370,5,1,863,776,733,441,410,230,186,316,175,216,180,72,65,119,39,95,71,14,32,50,20,11,20,35,7,4,3,8,5,3,15
bushraakter,160,1033,2037.173282,"[1446, 1335, 1252, 1152, 1127, 1025, 977, 1033, 1134, 1119, 1020, 1079, 1100, 1186, 1201, 1198, 1177, 1122, 1209, 1174, 1200, 1210, 1104, 1111, 1103, 1250, 1215, 1227, 1364, 1377, 1353, 1257, 1215, 1205, 1220, 1251, 1197, 1123, 1230, 1261, 1345, 1361, 1292, 1316, 1322, 1282, 1308, 1305, 1317, 1316, 1375, 1335, 1323, 1367, 1319, 1354, 1411, 1370, 1421, 1395, 1309, 1362, 1362, 1310, 1272, 1324, 1316, 1352, 1364, 1362, 1357, 1368, 1287, 1212, 1353, 1366, 1315, 1259, 1334, 1317, 1348, 1272, 1293, 1278, 1294, 1355, 1422, 1388, 1369, 1399, 1356, 1349, 1316, 1327, 1281, 1202, 1190, 1239, 1183, 1206, 1275, 1230, 1264, 1175, 1150, 1130, 1299, 1315, 1317, 1335, 1330, 1444, 1447, 1544, 1535, 1577, 1455, 1377, 1335, 1289, 1284, 1291, 1297, 1386, 1400, 1444, 1450, 1403, 1451, 1510, 1510, 1542, 1445, 1493, 1459, 1505, 1517, 1459, 1459, 1412, 1394, 1497, 1400, 1432, 1415, 1406, 1407, 1400, 1333, 1334, 1300, 1295, 1310, 1365, 1406, 1489, 1455, 1448, 1447, 1373]",831,4977.6625,1,3.022511413,1.158207467,0.526155409,655,252,111,9,0,431,409,431,232,189,107,71,141,64,105,72,17,18,44,12,34,24,10,8,28,6,1,6,23,8,4,4,1,2,2,12
Salman__Ahmed,155,1086,1965.930018,"[364, 615, 754, 824, 823, 869, 768, 894, 826, 815, 808, 746, 673, 696, 645, 553, 717, 683, 682, 774, 777, 894, 929, 910, 914, 948, 986, 982, 955, 963, 1015, 998, 982, 951, 1034, 1020, 966, 964, 1022, 1072, 1056, 1033, 1079, 1071, 1084, 1093, 1053, 961, 1070, 1036, 1078, 1091, 1055, 1109, 1134, 1125, 1096, 1154, 1127, 1097, 1025, 974, 989, 1001, 1021, 915, 883, 977, 939, 996, 1003, 1062, 1013, 1007, 1056, 1048, 1039, 987, 966, 1002, 1015, 910, 968, 993, 1052, 1073, 1010, 1027, 1053, 1089, 1124, 1053, 1087, 1093, 1070, 1086, 1153, 1148, 1242, 1195, 1069, 1079, 1075, 1103, 1188, 1258, 1167, 1181, 1161, 1206, 1138, 1111, 1137, 1173, 1205, 1142, 1117, 1222, 1186, 1246, 1270, 1188, 1250, 1211, 1200, 1169, 1111, 1103, 1091, 1195, 1176, 1243, 1205, 1197, 1206, 1201, 1078, 1062, 1097, 1100, 1145, 1160, 1147, 1067, 1135, 1161, 1200, 1179, 1214, 1182, 1134, 1101, 1129, 1185, 1198]",2211,7905.754839,0,5.070825713,2.299089667,0.533175355,709,271,69,2,0,430,400,430,204,201,82,91,180,93,115,93,31,23,53,15,30,23,10,11,27,7,1,2,15,7,1,1,0,0,3,3
SAIF_IIT-JU,218,1716,2874.417249,"[1373, 1258, 1231, 1136, 1164, 1153, 1102, 1074, 977, 891, 939, 971, 1073, 984, 976, 1022, 1061, 1098, 1152, 1097, 1162, 1139, 1118, 1036, 1094, 1113, 1103, 1012, 1136, 1153, 1115, 1113, 1159, 1160, 1155, 1168, 1257, 1256, 1239, 1251, 1188, 1277, 1389, 1393, 1412, 1453, 1476, 1456, 1434, 1430, 1380, 1353, 1292, 1384, 1381, 1324, 1382, 1370, 1304, 1311, 1266, 1275, 1353, 1291, 1327, 1301, 1309, 1345, 1356, 1323, 1271, 1232, 1255, 1349, 1347, 1331, 1316, 1325, 1361, 1316, 1246, 1326, 1380, 1484, 1500, 1486, 1596, 1555, 1629, 1552, 1600, 1591, 1577, 1565, 1570, 1574, 1563, 1462, 1484, 1472, 1578, 1515, 1521, 1592, 1659, 1590, 1591, 1673, 1560, 1561, 1528, 1493, 1523, 1381, 1381, 1398, 1463, 1378, 1452, 1415, 1476, 1328, 1375, 1356, 1371, 1403, 1495, 1580, 1508, 1512, 1510, 1506, 1478, 1464, 1425, 1454, 1477, 1329, 1270, 1235, 1300, 1312, 1381, 1379, 1428, 1576, 1605, 1605, 1545, 1520, 1446, 1404, 1344, 1402, 1496, 1523, 1500, 1562, 1570, 1482, 1389, 1364, 1333, 1371, 1230, 1226, 1273, 1361, 1253, 1357, 1399, 1491, 1454, 1472, 1454, 1417, 1449, 1459, 1431, 1410, 1418, 1416, 1425, 1388, 1374, 1455, 1362, 1281, 1341, 1284, 1314, 1328, 1253, 1364, 1309, 1384, 1393, 1442, 1431, 1401, 1363, 1478, 1469, 1413, 1428, 1349, 1356, 1336, 1246, 1286, 1424, 1446, 1378, 1350, 1378, 1348, 1406, 1434]",231,3097.995413,2,2.615981833,1.608266626,0.460278054,713,405,417,114,24,626,606,649,290,316,244,165,205,149,157,150,102,103,93,73,66,77,24,43,24,24,16,18,32,18,6,8,8,8,2,14
Yamin_,137,1164,2333.591065292096,"[356, 595, 738, 787, 851, 854, 756, 664, 749, 671, 758, 778, 784, 733, 737, 734, 809, 843, 883, 894, 875, 897, 970, 933, 948, 1032, 1065, 1054, 1078, 1082, 1177, 1062, 1037, 1080, 1167, 1122, 1106, 1117, 1097, 1157, 1144, 1164, 1135, 1208, 1154, 1155, 1165, 1044, 1134, 1175, 1194, 1154, 1176, 1228, 1206, 1216, 1186, 1155, 1090, 1033, 1140, 1169, 1240, 1228, 1212, 1281, 1258, 1253, 1180, 1208, 1230, 1302, 1241, 1270, 1254, 1161, 1252, 1284, 1283, 1223, 1183, 1305, 1350, 1318, 1351, 1323, 1324, 1315, 1357, 1417, 1446, 1513, 1443, 1359, 1372, 1401, 1367, 1368, 1324, 1359, 1363, 1443, 1391, 1352, 1361, 1336, 1268, 1295, 1351, 1317, 1391, 1434, 1421, 1305, 1333, 1308, 1285, 1333, 1261, 1325, 1405, 1419, 1354, 1346, 1282, 1294, 1276, 1228, 1158, 1330, 1342, 1403, 1346, 1393, 1430, 1492, 1442]",1046,6579.948905109489,1,6.827242524916944,3.6182545969771103,0.4813915857605178,685,293,147,8,1,503,488,413,249,236,131,97,172,112,120,116,36,36,67,17,50,37,11,13,40,6,7,9,23,13,3,3,6,0,2,9
Rivaakter,146,1116,2383.9605734767024,"[361, 600, 744, 874, 917, 863, 815, 718, 625, 685, 661, 718, 861, 814, 846, 875, 929, 990, 971, 934, 972, 964, 905, 900, 968, 871, 875, 868, 765, 779, 802, 792, 799, 863, 863, 924, 1012, 995, 1037, 1062, 1044, 983, 1018, 988, 889, 949, 842, 881, 899, 998, 1008, 933, 897, 909, 903, 912, 858, 939, 885, 908, 813, 835, 918, 920, 995, 948, 1011, 949, 938, 929, 938, 893, 893, 933, 830, 927, 947, 879, 953, 914, 899, 830, 740, 646, 768, 850, 906, 1045, 1031, 995, 1001, 994, 938, 949, 919, 1018, 983, 989, 1046, 1005, 1052, 973, 968, 935, 929, 979, 1031, 1103, 1204, 1162, 1043, 999, 1038, 1042, 1041, 994, 1107, 1142, 1138, 1136, 1143, 1189, 1136, 1048, 1044, 1029, 1081, 1012, 1049, 1085, 1169, 1048, 1100, 1149, 1032, 966, 973, 1041, 1120, 1183, 1056, 1088, 1018, 1033, 1058, 1009]",2473,8612.787671232876,0,2.9064567190383697,1.725461519255636,0.4236417033773862,812,249,47,1,0,461,456,452,213,190,76,63,186,54,126,101,11,6,42,2,17,23,3,2,19,4,0,1,12,8,3,0,2,1,1,5
Promi..,163,1507,2677.040477770405,"[1368, 1242, 1158, 1118, 1044, 1051, 955, 861, 952, 943, 936, 940, 933, 904, 846, 756, 678, 599, 658, 681, 769, 829, 733, 845, 812, 911, 963, 968, 940, 915, 922, 903, 904, 915, 895, 903, 902, 927, 829, 854, 867, 910, 967, 1022, 1008, 1036, 985, 992, 1026, 1010, 1014, 1007, 1033, 1058, 1038, 997, 920, 869, 785, 817, 882, 876, 989, 953, 1000, 966, 869, 1022, 1059, 1044, 1081, 970, 1006, 1020, 1009, 1045, 1034, 1039, 1087, 1090, 1084, 1080, 1022, 1019, 1055, 993, 1060, 1023, 1030, 1089, 1171, 1167, 1165, 1136, 1106, 1137, 1147, 1157, 1137, 1107, 1181, 1163, 1134, 1182, 1182, 1177, 1151, 1243, 1253, 1241, 1205, 1178, 1197, 1128, 1131, 1125, 1089, 1149, 1156, 1128, 1115, 1183, 1216, 1190, 1197, 1075, 1040, 1066, 968, 977, 1017, 1103, 1039, 1020, 1008, 1050, 937, 1003, 1098, 1031, 1092, 1082, 1062, 1028, 1119, 1156, 1234, 1148, 1118, 1235, 1279, 1286, 1181, 1142, 1166, 1215, 1154, 1104, 1067, 1041, 944, 941, 978]",2057,8085.472392638037,,2.907163249255312,2.106010305434387,0.4092937778944605,1027,336,117,8,0,615,608,606,327,267,123,97,214,83,161,109,27,26,69,12,47,36,5,14,35,6,2,4,24,9,6,3,2,1,3,14
Mallika_,141,1403,2734.9251603706343,"[1367, 1278, 1171, 1128, 1115, 1142, 1213, 1283, 1254, 1197, 1092, 1110, 1129, 1168, 1124, 1135, 1222, 1226, 1115, 1202, 1175, 1197, 1224, 1212, 1225, 1155, 1195, 1191, 1197, 1177, 1285, 1279, 1338, 1358, 1347, 1296, 1249, 1281, 1304, 1381, 1367, 1450, 1396, 1392, 1389, 1405, 1380, 1403, 1424, 1420, 1381, 1353, 1273, 1375, 1407, 1383, 1403, 1366, 1329, 1245, 1281, 1270, 1319, 1384, 1331, 1389, 1431, 1415, 1561, 1598, 1568, 1571, 1676, 1641, 1576, 1634, 1647, 1637, 1594, 1617, 1564, 1567, 1584, 1542, 1447, 1444, 1383, 1338, 1415, 1528, 1492, 1515, 1481, 1454, 1532, 1556, 1568, 1531, 1531, 1458, 1517, 1503, 1564, 1536, 1512, 1349, 1319, 1255, 1317, 1354, 1279, 1337, 1250, 1323, 1375, 1408, 1409, 1543, 1564, 1463, 1556, 1517, 1467, 1481, 1439, 1412, 1435, 1473, 1387, 1431, 1477, 1428, 1464, 1338, 1324, 1424, 1404, 1503, 1365, 1383, 1399]",225,3354.9432624113474,1,1.9887846805592968,1.4557413207300813,0.4548049476688868,602,358,358,58,4,605,513,527,292,271,169,141,198,99,136,122,80,86,78,45,46,32,22,30,30,16,6,6,24,10,1,7,6,4,2,14
__Jahid__Noob__,131,1957,1946.5508431272356,"[351, 573, 711, 756, 810, 767, 679, 769, 856, 917, 904, 942, 836, 738, 753, 803, 824, 742, 821, 821, 905, 929, 988, 987, 993, 1004, 1018, 1089, 1064, 1067, 1032, 1043, 1119, 1160, 1210, 1203, 1208, 1149, 1177, 1226, 1214, 1189, 1203, 1125, 1115, 1163, 1199, 1190, 1207, 1227, 1180, 1111, 1180, 1265, 1252, 1240, 1264, 1224, 1208, 1211, 1221, 1228, 1247, 1290, 1238, 1194, 1255, 1260, 1326, 1330, 1400, 1386, 1451, 1411, 1397, 1405, 1416, 1476, 1529, 1413, 1259, 1360, 1417, 1265, 1251, 1270, 1257, 1249, 1332, 1345, 1410, 1405, 1399, 1411, 1369, 1426, 1381, 1434, 1405, 1379, 1373, 1320, 1337, 1376, 1364, 1407, 1368, 1297, 1345, 1466, 1377, 1349, 1421, 1320, 1252, 1264, 1323, 1285, 1223, 1230, 1312, 1374, 1425, 1403, 1355, 1400, 1391, 1351, 1409, 1407, 1373]",1055,6250.763358778626,2,5.762375330288822,4.7147246882409135,0.6100535395597858,1021,518,341,25,2,825,767,705,382,384,228,193,295,200,204,180,77,78,123,44,87,64,24,32,49,17,11,14,38,8,5,6,13,2,3,16
alif_cse_ju,92,2571,2414.1190198366394,"[1429, 1344, 1238, 1132, 1145, 1234, 1237, 1252, 1246, 1294, 1400, 1376, 1307, 1389, 1434, 1470, 1478, 1517, 1403, 1438, 1427, 1436, 1352, 1326, 1418, 1444, 1429, 1478, 1509, 1436, 1499, 1515, 1616, 1597, 1662, 1653, 1661, 1595, 1533, 1442, 1409, 1488, 1403, 1517, 1526, 1576, 1477, 1560, 1495, 1513, 1601, 1600, 1594, 1579, 1615, 1724, 1798, 1845, 1668, 1710, 1765, 1785, 1685, 1671, 1686, 1686, 1711, 1721, 1821, 1688, 1776, 1842, 1833, 1931, 1865, 1871, 1840, 1881, 1776, 1728, 1734, 1648, 1715, 1740, 1862, 1654, 1757, 1719, 1769, 1819, 1766, 1883]",105,2165.3152173913045,3,1.998551774076756,1.8947124265183388,0.6620950579333176,908,437,594,346,196,1011,870,835,531,479,451,405,389,287,227,210,227,217,172,168,143,107,69,83,44,36,53,46,45,12,14,17,12,16,3,51
kzvd4729,151,2801,4006.8546947518744,"[1450, 1375, 1349, 1318, 1240, 1278, 1276, 1282, 1270, 1324, 1347, 1315, 1291, 1278, 1349, 1308, 1304, 1359, 1356, 1479, 1518, 1478, 1440, 1408, 1387, 1442, 1424, 1480, 1513, 1510, 1486, 1548, 1508, 1532, 1547, 1544, 1537, 1508, 1440, 1501, 1532, 1604, 1659, 1646, 1652, 1648, 1628, 1650, 1714, 1718, 1632, 1617, 1631, 1607, 1657, 1633, 1650, 1628, 1762, 1734, 1802, 1734, 1722, 1773, 1915, 1871, 1872, 1897, 1861, 1925, 1889, 1860, 1864, 1892, 1914, 1833, 1850, 1842, 1824, 1867, 1788, 1840, 1855, 1790, 1764, 1836, 1799, 1836, 1836, 1811, 1896, 1911, 1859, 1844, 1851, 1821, 1832, 1841, 1861, 1841, 1894, 1891, 1972, 2003, 1905, 2040, 2017, 1918, 1905, 1920, 2003, 1983, 1980, 2048, 2102, 2081, 2125, 2144, 2076, 2129, 2149, 2106, 1989, 2020, 2059, 2076, 2106, 2162, 2166, 2155, 2084, 2146, 2048, 2137, 2175, 2238, 2207, 2237, 2248, 2244, 2221, 2165, 2170, 2295, 2283, 2191, 2129, 2134, 2212, 2213, 2164]",35,897.4503311258278,3,2.8835901652388403,4.2592454525380665,0.4370473537604457,521,418,713,512,486,815,737,809,457,466,595,495,331,316,228,227,265,285,183,220,141,146,71,104,46,64,76,48,81,11,39,23,22,33,8,72
raihatneloy,131,903,4564.008859357697,"[1414, 1342, 1265, 1236, 1222, 1192, 1134, 1211, 1261, 1191, 1141, 1150, 1174, 1256, 1204, 1307, 1452, 1368, 1312, 1271, 1462, 1414, 1513, 1487, 1552, 1466, 1544, 1491, 1561, 1480, 1554, 1468, 1537, 1477, 1416, 1387, 1510, 1420, 1495, 1403, 1400, 1340, 1371, 1438, 1397, 1345, 1423, 1589, 1666, 1575, 1583, 1599, 1513, 1422, 1478, 1502, 1473, 1379, 1655, 1724, 1668, 1577, 1611, 1528, 1470, 1568, 1510, 1419, 1626, 1563, 1522, 1566, 1538, 1464, 1440, 1575, 1589, 1493, 1482, 1732, 1912, 1807, 1679, 1752, 1672, 1756, 1623, 1756, 1717, 1659, 1718, 1640, 1741, 1701, 1626, 1554, 1690, 1636, 1690, 1759, 1714, 1738, 1795, 1773, 1753, 1687, 1745, 1711, 1815, 1731, 1853, 1774, 1720, 1766, 1779, 1717, 1805, 1881, 1967, 1955, 1966, 1928, 1849, 1885, 1855, 1851, 1731, 1827, 1850, 1756, 2002]",4,730.2671755725191,2,2.3560513491966018,0.6379147859348558,0.4063514976542764,213,156,194,125,115,173,171,349,89,135,153,169,93,77,99,56,73,67,38,63,19,26,17,27,12,34,7,2,18,7,8,6,4,28,1,12
mh755628,146,1860,4393.924731182796,"[1379, 1413, 1356, 1391, 1379, 1375, 1409, 1329, 1419, 1369, 1376, 1378, 1281, 1326, 1409, 1399, 1405, 1406, 1347, 1410, 1483, 1468, 1445, 1523, 1539, 1490, 1467, 1601, 1577, 1556, 1586, 1519, 1425, 1472, 1425, 1494, 1432, 1499, 1561, 1490, 1595, 1622, 1555, 1579, 1593, 1670, 1559, 1524, 1546, 1513, 1490, 1537, 1591, 1591, 1685, 1637, 1565, 1621, 1561, 1530, 1487, 1492, 1599, 1614, 1663, 1616, 1624, 1658, 1657, 1597, 1644, 1676, 1675, 1689, 1828, 1812, 1831, 1826, 1745, 1801, 1692, 1676, 1641, 1759, 1631, 1634, 1887, 1785, 1849, 1849, 1864, 1791, 1762, 1731, 1732, 1712, 1745, 1882, 1775, 1744, 1775, 1854, 1827, 1836, 1892, 1832, 1825, 1892, 1840, 1889, 1948, 1932, 1956, 1881, 1890, 2036, 2065, 1996, 1902, 1943, 1987, 1960, 1811, 1788, 1839, 1931, 1930, 1923, 1869, 1847, 1808, 1857, 1887, 1893, 1917, 2079, 2114, 2009, 2127, 2069, 1999, 2027, 1966, 1946, 1749, 1962]",18,1291.4520547945206,3,2.2994053890490966,1.7601143832651056,0.44110169491525425,282,200,385,453,517,506,458,462,257,301,555,421,223,208,169,173,230,249,114,193,129,156,69,96,25,52,54,29,33,10,36,19,9,33,0,60
nahid08,162,1296,3747.453703703704,"[1424, 1326, 1375, 1349, 1289, 1277, 1174, 1082, 1142, 1045, 1027, 1095, 1181, 1118, 1048, 1027, 1035, 1109, 1116, 1115, 1250, 1280, 1234, 1313, 1317, 1241, 1283, 1249, 1259, 1292, 1333, 1329, 1253, 1245, 1204, 1156, 1319, 1428, 1418, 1467, 1425, 1346, 1353, 1355, 1322, 1262, 1331, 1238, 1258, 1166, 1064, 1248, 1228, 1281, 1260, 1291, 1326, 1330, 1440, 1456, 1462, 1418, 1404, 1431, 1440, 1373, 1390, 1447, 1328, 1321, 1435, 1466, 1471, 1508, 1416, 1440, 1453, 1424, 1483, 1524, 1486, 1426, 1422, 1404, 1416, 1499, 1451, 1475, 1464, 1663, 1654, 1570, 1607, 1645, 1699, 1647, 1646, 1722, 1657, 1649, 1702, 1715, 1711, 1692, 1702, 1702, 1698, 1572, 1639, 1674, 1693, 1646, 1689, 1681, 1650, 1650, 1658, 1619, 1681, 1705, 1861, 1725, 1667, 1679, 1625, 1797, 1743, 1789, 1860, 1843, 1808, 1769, 1793, 1821, 1798, 1932, 1826, 1893, 1846, 1861, 1781, 1892, 1792, 1888, 1812, 1841, 1731, 1760, 1893, 1806, 1795, 1789, 1746, 1800, 1848, 1785, 1688, 1703, 1783, 1942, 1961, 1944]",35,1849.9259259259259,2,3.1172718526173253,1.2987123651180688,0.3729096989966555,331,236,330,230,138,395,381,414,180,226,275,233,141,143,127,133,104,113,84,88,62,73,27,45,16,20,23,1,12,6,11,6,9,15,1,24
tariqiitju,83,475,3880.4210526315787,"[1385, 1326, 1345, 1340, 1294, 1298, 1346, 1293, 1293, 1300, 1372, 1401, 1491, 1443, 1487, 1487, 1508, 1503, 1494, 1441, 1447, 1376, 1447, 1416, 1344, 1343, 1390, 1385, 1498, 1530, 1576, 1605, 1637, 1616, 1582, 1496, 1545, 1619, 1627, 1657, 1715, 1735, 1681, 1604, 1523, 1576, 1715, 1752, 1654, 1864, 1772, 1681, 1652, 1610, 1640, 1584, 1687, 1688, 1633, 1686, 1684, 1667, 1758, 1658, 1580, 1614, 1664, 1767, 1796, 1761, 1771, 1800, 1765, 1864, 1808, 1893, 1833, 1821, 1759, 1731, 1718, 1741, 1915]",14,1340.9638554216867,3,2.0294432275482657,1.089318893242966,0.34155844155844156,145,94,95,43,38,100,124,173,50,77,48,48,31,29,39,30,28,23,20,24,17,13,6,7,7,4,12,6,19,1,3,1,1,3,2,4
Wolowitz,176,2555,4242.191780821918,"[1363, 1280, 1214, 1134, 1172, 1196, 1183, 1216, 1127, 1140, 1166, 1220, 1208, 1172, 1246, 1241, 1209, 1173, 1204, 1299, 1287, 1275, 1340, 1340, 1286, 1307, 1292, 1293, 1302, 1441, 1401, 1367, 1323, 1355, 1282, 1349, 1393, 1412, 1451, 1415, 1449, 1496, 1540, 1455, 1428, 1504, 1475, 1447, 1368, 1361, 1428, 1369, 1347, 1321, 1336, 1229, 1293, 1328, 1394, 1446, 1486, 1455, 1469, 1545, 1597, 1530, 1542, 1600, 1568, 1509, 1493, 1468, 1496, 1490, 1525, 1491, 1568, 1571, 1494, 1459, 1451, 1411, 1331, 1380, 1293, 1353, 1325, 1405, 1457, 1436, 1484, 1427, 1467, 1514, 1483, 1512, 1468, 1476, 1531, 1490, 1449, 1423, 1485, 1506, 1539, 1477, 1482, 1480, 1513, 1529, 1420, 1459, 1480, 1468, 1481, 1506, 1522, 1514, 1491, 1491, 1508, 1478, 1580, 1499, 1502, 1489, 1541, 1545, 1537, 1538, 1485, 1566, 1568, 1577, 1604, 1531, 1570, 1699, 1703, 1702, 1670, 1717, 1704, 1742, 1775, 1740, 1734, 1734, 1705, 1695, 1647, 1586, 1465, 1538, 1518, 1535, 1601, 1613, 1602, 1642, 1672, 1684, 1659, 1595, 1590, 1693, 1684, 1697, 1706, 1709, 1831, 1842, 1803, 1738, 1759, 1806]",101,3085.2954545454545,2,3.1282709588229483,3.6250196944611885,0.37546829471347304,848,457,743,408,65,1055,906,770,556,494,523,401,366,308,223,225,248,236,191,162,153,116,78,89,63,38,32,25,41,5,20,14,18,10,2,37
alif_cse_ju,92,2571,2414.1190198366394,"[1429, 1344, 1238, 1132, 1145, 1234, 1237, 1252, 1246, 1294, 1400, 1376, 1307, 1389, 1434, 1470, 1478, 1517, 1403, 1438, 1427, 1436, 1352, 1326, 1418, 1444, 1429, 1478, 1509, 1436, 1499, 1515, 1616, 1597, 1662, 1653, 1661, 1595, 1533, 1442, 1409, 1488, 1403, 1517, 1526, 1576, 1477, 1560, 1495, 1513, 1601, 1600, 1594, 1579, 1615, 1724, 1798, 1845, 1668, 1710, 1765, 1785, 1685, 1671, 1686, 1686, 1711, 1721, 1821, 1688, 1776, 1842, 1833, 1931, 1865, 1871, 1840, 1881, 1776, 1728, 1734, 1648, 1715, 1740, 1862, 1654, 1757, 1719, 1769, 1819, 1766, 1883]",105,2165.3152173913045,2,1.998551774076756,1.8947124265183388,0.6620950579333176,908,437,594,346,196,1011,870,835,531,479,451,405,389,287,227,210,227,217,172,168,143,107,69,83,44,36,53,46,45,12,14,17,12,16,3,51
aniks2645,251,2265,3133.6865342163355,"[1444, 1361, 1245, 1193, 1216, 1219, 1269, 1196, 1217, 1203, 1224, 1264, 1283, 1298, 1288, 1292, 1360, 1359, 1333, 1420, 1430, 1458, 1449, 1469, 1485, 1460, 1480, 1375, 1386, 1451, 1475, 1468, 1448, 1380, 1399, 1347, 1315, 1315, 1378, 1413, 1486, 1541, 1558, 1536, 1496, 1487, 1506, 1536, 1539, 1516, 1563, 1569, 1623, 1632, 1628, 1614, 1556, 1516, 1524, 1503, 1581, 1521, 1615, 1608, 1614, 1582, 1738, 1644, 1675, 1645, 1676, 1601, 1580, 1559, 1500, 1497, 1472, 1515, 1507, 1567, 1616, 1611, 1603, 1598, 1562, 1550, 1518, 1582, 1553, 1663, 1739, 1691, 1673, 1639, 1672, 1687, 1685, 1678, 1650, 1656, 1562, 1678, 1688, 1687, 1710, 1747, 1748, 1759, 1729, 1726, 1663, 1775, 1730, 1692, 1680, 1672, 1635, 1603, 1560, 1618, 1666, 1663, 1705, 1668, 1716, 1692, 1561, 1526, 1655, 1599, 1693, 1682, 1635, 1670, 1636, 1745, 1693, 1697, 1797, 1789, 1731, 1744, 1743, 1826, 1767, 1661, 1580, 1613, 1647, 1568, 1642, 1706, 1747, 1732, 1712, 1776, 1773, 1776, 1707, 1824, 1830, 1777, 1655, 1717, 1716, 1685, 1780, 1818, 1838, 1815, 1777, 1896, 1892, 1862, 1813, 1807, 1785, 1789, 1778, 1839, 1828, 1826, 1874, 1848, 1854, 1796, 1805, 1761, 1817, 1694, 1519, 1575, 1603, 1598, 1688, 1848, 1890, 1940, 1862, 1866, 1776, 1789, 1720, 1784, 1753, 1711, 1702, 1646, 1784, 1755, 1812, 1807, 1756, 1794, 1754, 1781, 1761, 1825, 1754, 1663, 1599, 1541, 1658, 1747, 1799, 1794, 1891, 1877, 1815, 1924, 1894, 1878, 1914, 1924, 1873, 1775, 1811, 1816, 1798, 1791, 1721, 1703, 1762, 1810, 1728, 1719, 1804, 1813, 1717, 1750, 1815]",54,1597.414342629482,2,3.525429900738366,1.8514617409385883,0.4851384364820847,556,355,589,428,242,744,660,670,338,379,504,425,283,272,194,208,197,187,155,168,125,117,54,78,38,40,48,23,39,9,15,12,16,23,4,38
the0dd1out,217,2821,3263.204537398086,"[1406, 1300, 1190, 1230, 1261, 1240, 1189, 1232, 1157, 1222, 1199, 1189, 1253, 1229, 1235, 1210, 1233, 1222, 1246, 1276, 1221, 1253, 1239, 1277, 1339, 1257, 1335, 1342, 1316, 1331, 1297, 1373, 1306, 1250, 1328, 1340, 1322, 1357, 1295, 1305, 1269, 1249, 1206, 1241, 1260, 1361, 1344, 1414, 1427, 1515, 1525, 1566, 1576, 1569, 1551, 1522, 1391, 1524, 1522, 1462, 1568, 1538, 1496, 1512, 1536, 1523, 1478, 1396, 1419, 1463, 1510, 1490, 1558, 1491, 1592, 1508, 1528, 1606, 1573, 1610, 1684, 1625, 1602, 1590, 1638, 1627, 1572, 1560, 1579, 1566, 1540, 1497, 1605, 1662, 1754, 1724, 1650, 1714, 1731, 1694, 1676, 1624, 1624, 1582, 1557, 1608, 1607, 1667, 1667, 1749, 1692, 1820, 1822, 1736, 1642, 1691, 1619, 1594, 1741, 1649, 1606, 1646, 1684, 1747, 1706, 1715, 1687, 1734, 1582, 1605, 1705, 1683, 1855, 1809, 1676, 1752, 1786, 1662, 1659, 1808, 1749, 1688, 1647, 1597, 1576, 1510, 1592, 1626, 1583, 1725, 1684, 1722, 1717, 1717, 1621, 1501, 1584, 1646, 1660, 1644, 1631, 1649, 1627, 1636, 1733, 1814, 1732, 1744, 1766, 1706, 1652, 1659, 1788, 1858, 1781, 1803, 1866, 1825, 1946, 1864, 1732, 1833, 1775, 1790, 1820, 1877, 1881, 1911, 1876, 1835, 1751, 1789, 1690, 1650, 1738, 1751, 1731, 1746, 1733, 1674, 1720, 1716, 1631, 1730, 1705, 1637, 1724, 1751, 1705, 1739, 1784, 1726, 1762, 1696, 1669, 1811, 1808]",54,1861.0967741935483,2,2.5243123669602237,2.02454793807436,0.4631371359223301,615,444,854,509,201,927,897,857,508,493,555,393,335,288,237,238,221,239,161,143,141,162,75,73,64,47,37,24,63,11,38,17,20,19,1,49
ndatta,146,626,3792.172523961661,"[1416, 1356, 1281, 1269, 1227, 1182, 1143, 1212, 1412, 1320, 1451, 1427, 1533, 1501, 1450, 1380, 1342, 1415, 1327, 1278, 1393, 1349, 1420, 1436, 1359, 1457, 1455, 1439, 1394, 1569, 1539, 1483, 1480, 1417, 1392, 1342, 1428, 1362, 1278, 1532, 1463, 1614, 1624, 1579, 1518, 1434, 1414, 1382, 1313, 1452, 1487, 1632, 1515, 1710, 1661, 1568, 1671, 1716, 1655, 1580, 1489, 1417, 1373, 1544, 1658, 1727, 1738, 1634, 1545, 1628, 1649, 1551, 1690, 1687, 1686, 1617, 1586, 1503, 1701, 1638, 1587, 1617, 1679, 1613, 1532, 1755, 1674, 1613, 1736, 1917, 1824, 1760, 1696, 1613, 1561, 1462, 1688, 1737, 1658, 1633, 1541, 1665, 1768, 1707, 1788, 1714, 1789, 1718, 1629, 1631, 1739, 1654, 1557, 1514, 1685, 1764, 1820, 1724, 1680, 1741, 1716, 1715, 1838, 1823, 1777, 1793, 1726, 1873, 1833, 1875, 1975, 1891, 1835, 1910, 1848, 1948, 1869, 1876, 1866, 1940, 1957, 1888, 1970, 1944, 1864, 1764]",14,701.5958904109589,3,1.3971462083646686,0.5018078717572834,0.346,166,142,155,55,41,147,135,293,79,105,78,61,70,39,40,46,37,33,22,23,9,21,5,16,7,5,1,1,16,4,6,1,3,4,1,6
FlaminRage,113,579,3442.832469775475,"[1445, 1429, 1400, 1368, 1304, 1288, 1261, 1368, 1319, 1374, 1333, 1413, 1371, 1325, 1359, 1366, 1319, 1475, 1500, 1556, 1497, 1512, 1456, 1546, 1477, 1598, 1637, 1549, 1482, 1523, 1447, 1414, 1386, 1467, 1558, 1685, 1620, 1624, 1650, 1654, 1587, 1528, 1661, 1665, 1577, 1574, 1711, 1656, 1683, 1637, 1583, 1718, 1651, 1698, 1621, 1547, 1701, 1683, 1633, 1709, 1643, 1653, 1699, 1609, 1670, 1579, 1712, 1649, 1626, 1686, 1595, 1593, 1713, 1665, 1745, 1704, 1643, 1722, 1883, 1804, 1845, 1799, 1746, 1669, 1664, 1597, 1596, 1765, 1698, 1688, 1619, 1769, 1831, 1750, 1773, 1991, 1936, 1840, 1858, 1762, 1720, 1790, 1893, 1838, 1794, 1897, 1957, 1842, 1768, 1766, 1732, 1728, 1755]",24,481.1946902654867,3,2.1213049571423914,0.3711803444294257,0.5079255685733977,132,123,150,73,38,130,127,244,53,112,90,65,64,52,39,33,31,28,21,25,21,26,3,10,9,8,8,0,12,5,4,0,2,3,1,23
bhadra,194,1301,3354.5734050730207,"[1438, 1374, 1302, 1272, 1195, 1331, 1319, 1256, 1310, 1249, 1293, 1287, 1346, 1312, 1271, 1235, 1300, 1250, 1438, 1363, 1392, 1342, 1455, 1452, 1400, 1547, 1498, 1662, 1609, 1546, 1551, 1478, 1541, 1504, 1500, 1625, 1612, 1612, 1677, 1669, 1674, 1621, 1533, 1452, 1424, 1535, 1601, 1557, 1586, 1499, 1570, 1664, 1580, 1618, 1613, 1602, 1536, 1477, 1389, 1552, 1600, 1560, 1671, 1603, 1718, 1658, 1569, 1490, 1622, 1529, 1656, 1668, 1701, 1659, 1713, 1781, 1727, 1668, 1576, 1519, 1699, 1643, 1738, 1672, 1587, 1619, 1755, 1676, 1641, 1773, 1769, 1901, 1925, 1851, 1756, 1696, 1642, 1745, 1678, 1628, 1716, 1651, 1688, 1692, 1767, 1789, 1723, 1763, 1681, 1643, 1727, 1672, 1732, 1750, 1767, 1765, 1680, 1683, 1761, 1778, 1786, 1782, 1809, 1841, 1866, 1823, 1847, 1895, 1829, 1788, 1741, 1852, 1830, 1845, 1824, 1908, 1900, 1939, 1886, 1911, 1902, 1811, 1806, 1804, 1866, 1764, 1782, 1802, 1790, 1859, 1951, 1876, 1839, 1961, 1983, 1892, 1818, 1897, 1941, 1953, 1878, 1922, 1902, 1803, 1778, 1874, 1906, 1824, 1829, 1937, 1876, 1931, 1875, 1793, 1838, 1797, 1817, 1819, 1788, 1785, 1803, 1766, 1800, 1800, 1774, 1865, 1872, 1907, 1819, 1918, 1890, 1857, 1846, 1753]",13,542.6443298969073,3,1.8703719408501123,0.7124121902460384,0.48707482993197276,309,247,356,176,113,276,320,516,179,224,211,136,141,99,98,98,90,70,50,54,31,59,10,29,21,19,10,4,48,10,23,4,6,7,4,28
sahedsohel,178,1149,3460.661444734552,"[1409, 1329, 1252, 1180, 1257, 1246, 1190, 1250, 1301, 1498, 1537, 1508, 1465, 1605, 1512, 1475, 1490, 1576, 1627, 1578, 1487, 1531, 1615, 1523, 1614, 1523, 1538, 1550, 1451, 1534, 1535, 1675, 1620, 1548, 1504, 1408, 1524, 1473, 1376, 1348, 1524, 1469, 1591, 1756, 1677, 1606, 1607, 1796, 1726, 1675, 1648, 1600, 1516, 1641, 1663, 1729, 1871, 1806, 1748, 1640, 1710, 1778, 1772, 1687, 1728, 1654, 1756, 1688, 1731, 1759, 1721, 1854, 1785, 1863, 1813, 1927, 1847, 1763, 1689, 1675, 1750, 1686, 1635, 1740, 1695, 1637, 1737, 1751, 1717, 1745, 1795, 1749, 1878, 2007, 1904, 1868, 1923, 1868, 1900, 1913, 1821, 1904, 1819, 1778, 1846, 1901, 1985, 2007, 1978, 1984, 1871, 1875, 1967, 2039, 1987, 1972, 1916, 1857, 2006, 2019, 1999, 1915, 1872, 1974, 1946, 1876, 1892, 1901, 1928, 2006, 2012, 1973, 1884, 1887, 2026, 2039, 1939, 1955, 1861, 1815, 1909, 1881, 1793, 1876, 1884, 1895, 1884, 1921, 1898, 2046, 1953, 1924, 1942, 1887, 1911, 1886, 1995, 2038, 1934, 1941, 1911, 1864, 1863, 1861, 1948, 1916, 1955, 1867, 1812, 1738, 1815, 2013, 1872, 1912, 1893, 1878, 1771, 1741]",6,588.314606741573,3,1.8640347421789492,1.1994649813016547,0.35330037801686537,271,220,301,141,78,230,248,470,135,205,181,130,110,92,93,67,71,74,43,54,35,46,20,28,17,17,19,5,35,12,13,7,7,9,3,19
iShibly,123,4421,2672.019904998869,"[1393, 1336, 1266, 1229, 1164, 1135, 1043, 1169, 1236, 1226, 1145, 1217, 1202, 1309, 1323, 1307, 1310, 1238, 1310, 1206, 1194, 1268, 1294, 1342, 1371, 1426, 1404, 1463, 1515, 1519, 1576, 1495, 1607, 1623, 1648, 1652, 1678, 1738, 1694, 1726, 1708, 1751, 1759, 1842, 1827, 1774, 1718, 1660, 1680, 1678, 1767, 1723, 1785, 1800, 1779, 1761, 1842, 1711, 1661, 1658, 1668, 1754, 1849, 1793, 1811, 1758, 1813, 1753, 1780, 1796, 1750, 1856, 1898, 1945, 1968, 1943, 1950, 2043, 1928, 1845, 1868, 1896, 1900, 1901, 1972, 2014, 2085, 1988, 1943, 1874, 1693, 1513, 1489, 1371, 1355, 1356, 1209, 1080, 1041, 950, 843, 788, 823, 913, 1061, 1193, 1251, 1433, 1421, 1450, 1528, 1497, 1396, 1489, 1683, 1752, 1727, 1652, 1542, 1458, 1536, 1536, 1550]",136,2617.487804878049,2,1.3516810158975656,2.705250815550345,0.5828391625317682,1399,843,1213,551,206,1431,1315,1657,783,797,661,496,532,426,366,317,307,308,232,189,164,172,95,109,75,66,40,53,97,45,32,18,27,15,13,66
Richita,79,415,2886.5060240963853,"[1397, 1331, 1220, 1229, 1126, 1168, 1123, 1162, 1215, 1219, 1225, 1220, 1276, 1353, 1291, 1199, 1091, 1200, 1233, 1239, 1245, 1313, 1314, 1306, 1354, 1379, 1432, 1506, 1512, 1395, 1353, 1320, 1393, 1437, 1494, 1480, 1470, 1467, 1449, 1367, 1474, 1470, 1375, 1424, 1510, 1459, 1525, 1491, 1624, 1615, 1622, 1566, 1611, 1495, 1376, 1393, 1502, 1600, 1659, 1565, 1668, 1604, 1603, 1589, 1558, 1517, 1549, 1502, 1447, 1438, 1540, 1543, 1625, 1543, 1565, 1515, 1659, 1621, 1674]",103,2281.3417721518986,2,1.0395401752670583,0.453416112193904,0.41023166023166024,161,109,109,26,7,143,157,163,55,58,40,31,42,21,32,35,25,23,16,15,11,22,5,7,4,3,1,0,10,6,3,0,3,1,0,7
soul_departed,227,916,3048.6899563318775,"[1412, 1306, 1257, 1371, 1456, 1620, 1484, 1524, 1458, 1389, 1419, 1477, 1503, 1565, 1507, 1481, 1382, 1448, 1409, 1407, 1376, 1509, 1624, 1601, 1601, 1610, 1548, 1534, 1503, 1509, 1541, 1605, 1618, 1570, 1573, 1512, 1602, 1628, 1581, 1546, 1491, 1422, 1469, 1563, 1645, 1675, 1603, 1602, 1612, 1558, 1486, 1594, 1682, 1625, 1535, 1544, 1478, 1403, 1509, 1504, 1584, 1530, 1442, 1482, 1410, 1451, 1655, 1655, 1565, 1529, 1593, 1674, 1608, 1681, 1698, 1695, 1616, 1551, 1705, 1775, 1757, 1687, 1936, 1872, 1821, 1800, 1777, 1757, 1700, 1655, 1648, 1694, 1650, 1692, 1779, 1732, 1705, 1620, 1620, 1677, 1629, 1566, 1672, 1666, 1671, 1647, 1644, 1687, 1674, 1630, 1602, 1526, 1565, 1651, 1526, 1699, 1671, 1628, 1548, 1580, 1596, 1582, 1619, 1660, 1620, 1618, 1666, 1661, 1572, 1590, 1637, 1642, 1749, 1684, 1623, 1612, 1635, 1565, 1627, 1649, 1639, 1618, 1621, 1584, 1614, 1761, 1659, 1573, 1597, 1566, 1630, 1589, 1592, 1522, 1569, 1500, 1540, 1678, 1592, 1568, 1673, 1713, 1671, 1654, 1717, 1665, 1564, 1621, 1599, 1570, 1679, 1583, 1581, 1645, 1594, 1725, 1699, 1644, 1562, 1417, 1579, 1631, 1595, 1605, 1627, 1650, 1594, 1619, 1693, 1662, 1632, 1669, 1643, 1674, 1603, 1609, 1600, 1703, 1702, 1684, 1534, 1538, 1598, 1546, 1396, 1390, 1589, 1545, 1579, 1595, 1557, 1586, 1615, 1598, 1583, 1464, 1411, 1539, 1488, 1563, 1596, 1572, 1442, 1464, 1412, 1476, 1669]",25,1446.3127753303966,3,1.7444004379501017,0.46047279309403394,0.48716683119447185,313,198,242,104,59,337,302,355,157,163,146,107,113,75,81,85,69,72,51,44,39,35,14,29,26,7,14,6,25,1,13,8,4,2,2,10
tshr,168,1180,4146.610169491525,"[1395, 1361, 1300, 1228, 1191, 1100, 1092, 1129, 1116, 1139, 1140, 1199, 1256, 1242, 1277, 1234, 1247, 1260, 1282, 1327, 1290, 1288, 1225, 1305, 1285, 1353, 1269, 1322, 1283, 1360, 1368, 1373, 1379, 1351, 1319, 1294, 1318, 1291, 1379, 1439, 1465, 1502, 1515, 1544, 1519, 1457, 1479, 1451, 1467, 1463, 1551, 1498, 1471, 1441, 1433, 1414, 1457, 1453, 1535, 1590, 1532, 1533, 1550, 1496, 1519, 1489, 1473, 1496, 1482, 1468, 1438, 1468, 1479, 1442, 1471, 1385, 1403, 1450, 1404, 1448, 1435, 1536, 1578, 1561, 1603, 1581, 1608, 1492, 1498, 1492, 1523, 1476, 1527, 1616, 1620, 1572, 1523, 1542, 1529, 1475, 1447, 1482, 1450, 1497, 1476, 1409, 1446, 1490, 1489, 1469, 1487, 1500, 1387, 1430, 1417, 1419, 1481, 1476, 1424, 1475, 1389, 1450, 1521, 1505, 1526, 1539, 1582, 1530, 1580, 1540, 1545, 1542, 1650, 1616, 1607, 1658, 1574, 1558, 1554, 1519, 1527, 1608, 1624, 1566, 1584, 1511, 1535, 1475, 1465, 1393, 1344, 1284, 1270, 1363, 1442, 1511, 1721, 1616, 1650, 1612, 1599, 1574, 1652, 1724, 1628, 1688, 1631, 1632]",32,2231.8214285714284,2,3.043420829166116,1.3892039039978845,0.3563187550308559,426,261,295,105,46,395,370,441,175,225,147,132,135,104,109,102,78,69,60,53,37,31,23,31,22,11,11,7,25,4,6,2,8,3,1,17
shn..,155,1747,2712.8792215226104,"[1380, 1333, 1261, 1274, 1206, 1169, 1174, 1212, 1103, 1277, 1163, 1146, 1181, 1156, 1191, 1239, 1212, 1156, 1170, 1177, 1073, 1223, 1252, 1235, 1266, 1387, 1391, 1392, 1420, 1407, 1403, 1386, 1345, 1313, 1345, 1355, 1332, 1342, 1404, 1457, 1431, 1383, 1457, 1533, 1479, 1466, 1432, 1491, 1519, 1483, 1459, 1468, 1449, 1453, 1457, 1389, 1519, 1503, 1379, 1345, 1320, 1343, 1268, 1287, 1331, 1389, 1387, 1417, 1408, 1434, 1431, 1366, 1427, 1433, 1430, 1486, 1364, 1390, 1383, 1418, 1399, 1379, 1384, 1364, 1403, 1407, 1410, 1394, 1400, 1402, 1357, 1345, 1397, 1249, 1343, 1320, 1467, 1405, 1426, 1409, 1419, 1469, 1568, 1599, 1577, 1514, 1549, 1534, 1475, 1470, 1434, 1562, 1549, 1522, 1407, 1465, 1426, 1362, 1348, 1413, 1440, 1490, 1469, 1381, 1322, 1410, 1513, 1522, 1496, 1528, 1509, 1580, 1595, 1537, 1470, 1470, 1626, 1569, 1606, 1575, 1544, 1549, 1555, 1495, 1596, 1719, 1664, 1633, 1522, 1602, 1621, 1626, 1601, 1508, 1539]",241,3466.058064516129,2,2.9903336660392146,1.8227422207593262,0.5144312393887945,716,380,478,144,18,780,613,625,350,325,232,203,249,180,177,149,112,86,116,75,87,57,28,33,39,26,15,21,19,2,6,5,10,7,7,21
abid1,136,540,3071.6666666666665,"[1410, 1321, 1257, 1284, 1298, 1227, 1147, 1085, 1146, 1180, 1398, 1307, 1231, 1355, 1287, 1193, 1128, 1060, 1147, 1357, 1284, 1218, 1246, 1191, 1140, 1141, 1063, 1276, 1214, 1342, 1265, 1365, 1478, 1414, 1293, 1382, 1351, 1578, 1487, 1472, 1585, 1511, 1505, 1440, 1355, 1273, 1339, 1511, 1443, 1396, 1494, 1418, 1358, 1423, 1343, 1383, 1362, 1276, 1357, 1385, 1301, 1301, 1369, 1349, 1389, 1648, 1524, 1523, 1456, 1448, 1355, 1397, 1338, 1323, 1377, 1445, 1669, 1639, 1543, 1518, 1460, 1517, 1499, 1515, 1449, 1460, 1442, 1443, 1417, 1386, 1431, 1498, 1706, 1675, 1606, 1586, 1601, 1557, 1519, 1549, 1511, 1599, 1587, 1587, 1563, 1548, 1553, 1542, 1538, 1577, 1459, 1475, 1453, 1489, 1452, 1434, 1429, 1474, 1499, 1434, 1478, 1427, 1393, 1422, 1397, 1399, 1405, 1407, 1448, 1461, 1609, 1574, 1695, 1663, 1572, 1536]",50,1481.4485294117646,2,2.855122644604002,0.9037379842130581,0.3895939086294416,185,114,129,31,5,113,133,245,59,110,59,34,55,31,51,34,23,26,16,17,10,17,5,11,5,7,2,2,17,0,0,0,3,2,0,4
Riad.IIT7,152,1269,2409.692671394799,"[1401, 1377, 1354, 1412, 1415, 1355, 1291, 1270, 1229, 1332, 1370, 1326, 1271, 1310, 1362, 1393, 1376, 1359, 1371, 1361, 1315, 1295, 1341, 1347, 1385, 1338, 1292, 1308, 1192, 1345, 1368, 1292, 1303, 1416, 1454, 1477, 1493, 1445, 1457, 1476, 1394, 1393, 1479, 1466, 1403, 1372, 1374, 1420, 1484, 1475, 1496, 1495, 1519, 1613, 1583, 1604, 1598, 1611, 1553, 1466, 1441, 1519, 1545, 1541, 1564, 1528, 1512, 1631, 1574, 1631, 1536, 1568, 1502, 1498, 1576, 1622, 1666, 1689, 1645, 1680, 1656, 1615, 1655, 1698, 1712, 1683, 1597, 1612, 1591, 1505, 1518, 1456, 1559, 1479, 1452, 1465, 1498, 1538, 1503, 1457, 1551, 1581, 1596, 1541, 1492, 1470, 1538, 1582, 1580, 1544, 1494, 1443, 1426, 1439, 1485, 1559, 1566, 1551, 1561, 1463, 1583, 1576, 1662, 1606, 1759, 1624, 1560, 1572, 1576, 1635, 1620, 1567, 1570, 1528, 1493, 1526, 1589, 1619, 1492, 1489, 1457, 1429, 1492, 1567, 1574, 1544, 1530, 1587, 1535, 1520, 1581, 1528]",139,2564.5065789473683,2,2.5850645439406645,1.214615394905323,0.5277998411437649,632,309,237,41,8,439,464,544,205,226,146,91,150,89,113,99,38,51,53,19,38,33,15,15,17,10,4,9,19,12,5,6,4,4,0,19
__SkB__,65,1122,3014.438502673797,"[1372, 1251, 1142, 1035, 978, 912, 964, 1052, 1076, 1067, 1085, 1102, 1091, 1098, 1048, 1041, 1038, 1102, 1162, 1236, 1328, 1301, 1253, 1251, 1182, 1223, 1276, 1289, 1230, 1232, 1225, 1200, 1274, 1354, 1381, 1383, 1288, 1294, 1374, 1396, 1401, 1468, 1436, 1325, 1327, 1341, 1287, 1300, 1365, 1340, 1345, 1407, 1370, 1346, 1407, 1411, 1477, 1460, 1405, 1452, 1394, 1386, 1526, 1558, 1502]",800,4317.015384615384,1,1.5092108622334492,1.5885136654401604,0.42371629109715553,539,266,308,5,1,455,388,459,228,211,141,130,163,108,130,87,52,52,78,20,47,33,15,27,22,10,6,10,16,2,3,3,4,3,2,10
